{"world":"lobby","x":1156.0007259813044,"y":5.0,"z":-150.68730817158107,"pitch":58.902664,"yaw":-167.70746}