{"world":"note_song","x":-833.3577291259861,"y":61.0,"z":-326.3217731667344,"pitch":-13.4705515,"yaw":-171.7359}