{"world":"buildswap","x":-647.8220709796168,"y":7.787198113836512,"z":-305.3743144087854,"pitch":40.85429,"yaw":345.38556}