{"world":"plots","x":65.0817420677096,"y":76.03150271403915,"z":218.1687082997365,"pitch":-6.7498565,"yaw":-70.50013}