{"world":"lobby","x":1153.8688978699536,"y":6.993448742002955,"z":-135.50467418348606,"pitch":11.699995,"yaw":-172.64905}