{"world":"Hungerlob","x":-247.21804484197978,"y":85.0,"z":656.3670374255184,"pitch":7.897859,"yaw":39.29203}